{"cameraMode":{"drawMode":0,"name":"Shaded","section":"Shading Mode"},"sceneLighting":true,"audioPlay":false,"sceneViewState":{"m_AlwaysRefresh":false,"showFog":true,"showSkybox":true,"showFlares":true,"showImageEffects":true,"showParticleSystems":true,"showVisualEffectGraphs":true,"m_FxEnabled":true},"in2DMode":false,"pivot":{"x":0.6197011470794678,"y":6.198720932006836,"z":-4.903270721435547},"rotation":{"x":-0.4646134078502655,"y":-0.02521526627242565,"z":0.013845192268490792,"w":-0.8853133320808411},"size":0.7866411805152893,"orthographic":false}