{"cameraMode":{"drawMode":0,"name":"Shaded","section":"Shading Mode"},"sceneLighting":false,"audioPlay":false,"sceneViewState":{"m_AlwaysRefresh":false,"showFog":true,"showSkybox":false,"showFlares":true,"showImageEffects":true,"showParticleSystems":true,"showVisualEffectGraphs":true,"m_FxEnabled":true},"in2DMode":false,"pivot":{"x":0.06649722158908844,"y":0.3593362867832184,"z":0.6399221420288086},"rotation":{"x":0.006751131732016802,"y":-0.9325993061065674,"z":0.3609720766544342,"w":0.01698572002351284},"size":0.36292895674705508,"orthographic":false}